channel,total_orders,total_quantity,discount_amount,total_returned_qty,gross_revenue,net_revenue,gross_profit,avg_discount_pct,avg_payment_days,return_rate,margin_pct,discount_pct_effective
Direct,217,2849,2022.3391000000001,28,44045.93,41604.7933,15059.6733,0.03880149812734082,41.46067415730337,0.009828009828009828,0.36196966997069546,0.04591432397953682
Phone Order,217,2847,1828.8084000000001,19,43436.25,41265.6399,15155.6199,0.03656603773584906,40.698113207547166,0.0066736916051984545,0.36726971729329705,0.04210327548994216
Wholesale,475,8663,5527.4373000000005,96,134826.1,127882.2345,47061.3345,0.03501207729468599,39.96376811594203,0.011081611450998499,0.36800525642989135,0.04099678993904
