product_name,category,current_stock,avg_monthly_net_qty,stock_coverage_months,net_revenue,gross_profit
Poster Frame V3,Decor,225,24.5,9.183673469387756,4981.173000000001,2039.0130000000006
Oak Frame V1,Premium,136,18.25,7.4520547945205475,4049.2611,1913.4711
Poster Frame V1,Decor,191,26.25,7.276190476190476,4634.2087,1971.9186999999997
Gold Frame V3,Premium,157,22.916666666666668,6.850909090909091,5121.7685,1317.8584999999998
Poster Frame V2,Decor,181,27.333333333333332,6.621951219512195,4186.5740000000005,1672.7340000000002
Silver Frame V2,Premium,168,25.5,6.588235294117647,5289.0599999999995,2569.1799999999994
Gold Frame V2,Premium,142,22.666666666666668,6.264705882352941,4233.599,1136.5090000000002
