sales_rep,total_orders,total_customers,total_qty,total_returned_qty,gross_revenue,net_revenue,gross_profit,discount_amount,avg_payment_days,avg_discount_pct,margin_pct,return_rate,discount_pct_effective,revenue_rank,profit_rank,rank_gap_profit_vs_revenue
Eleni,270,87,3680,39,56442.0,53693.9683,19922.5983,2269.0403,40.64655172413793,0.03454022988505747,0.37103978213508204,0.010597826086956521,0.04020127387406541,3,2,-1
Giorgos,262,88,3771,41,57708.73,54476.189,19480.739,2485.5219,40.52556818181818,0.03767045454545454,0.35760098783708977,0.010872447626624237,0.04307011954690391,1,3,2
Maria,258,89,3382,39,51531.32,48658.6589,17530.3789,2318.5599,39.74763406940063,0.03848580441640379,0.36027254544822646,0.011531638083973979,0.04499321771691469,4,4,0
Nikos,260,88,3526,24,56626.23,53923.8515,20342.911500000002,2305.4627,40.626822157434404,0.03370262390670554,0.3772525688377434,0.006806579693703914,0.040713688691618705,2,1,-1
